<?xml version="1.0" encoding="UTF-8"?>
<Configuration status="WARN">
  <Appenders>
    <!-- Console output -->
    <Console name="Console" target="SYSTEM_OUT">
      <PatternLayout pattern="%d{HH:mm:ss.SSS} [%t] %-5level %logger{36} - %msg%n"/>
    </Console>

    <!-- File output -->
    <File name="FileLogger" fileName="logs/app.log">
      <PatternLayout pattern="%d{yyyy-MM-dd HH:mm:ss} %-5level %logger{36} - %msg%n"/>
    </File>
  </Appenders>

  <Loggers>
    <Root level="info">
      <AppenderRef ref="Console"/>
      <AppenderRef ref="FileLogger"/>
    </Root>
  </Loggers>
</Configuration>
